{
  "pc_xyz": [
    [0.9577061533927917, 0.0, -0.19387155771255493],
    [0.7693963646888733, -0.2463711053133011, 0.0],
    [0.7693963646888733, 0.2463711053133011, 0.0]
  ],
  "pc_rgb": [
    [0.4340609014034271, 0.5417045950889587, 0.41899022459983826],
    [0.19108271598815918, 0.3146258592605591, 0.43973836302757263],
    [0.28387534618377686, 0.40191295742988586, 0.49225151538848877]
  ],
  "m_verts": [
    [-1.0, 0.0, 1.0],
    [1.0, 0.0, 1.0],
    [1.0, 0.0, -1.0],
    [-1.0, 0.0, -1.0]
  ],
  "m_faces": [
    [0, 1, 2],
    [0, 2, 3]
  ]
}
