{
  "pc_xyz": [
    [0.9577061533927917, 0.0, -0.19387155771255493],
    [-0.14960239827632904, 0.0, -0.2463711053133011],
    [0.36379215121269226, 0.0, 0.590303361415863]
  ],
  "pc_rgb": [
    [0.4340609014034271, 0.5417045950889587, 0.41899022459983826],
    [0.41793712973594666, 0.4940111041069031, 0.33555662631988525],
    [0.21927469968795776, 0.19108271598815918, 0.3514711260795593]
  ],
  "m_verts": [
    [-1.0, 0.0, 1.0],
    [1.0, 0.0, 1.0],
    [-1.0, 0.0, -1.0],
    [1.0, 0.0, -1.0]
  ],
  "m_faces": [
    [0, 1, 2],
    [1, 2, 3]
  ]
}
