{"relu": {"input": [1, 1, 2, 2], "inputValues": [-1.0, 2.0, 3.0, -4.0], "gradOutValues": [1.0, 5.0, 2.0, 4.0], "expectedGradIn": [0.0, 5.0, 2.0, 0.0]}, "pool": {"input": [1, 1, 4, 4], "inputValues": [1.0, 5.0, 3.0, 2.0, 4.0, 0.0, 1.0, 7.0, 2.0, 8.0, 6.0, 4.0, 3.0, 1.0, 9.0, 0.0], "gradOut": [1, 1, 2, 2], "gradOutValues": [1.0, 2.0, 3.0, 4.0], "expectedGradIn": [0.0, 1.0, 0.0, 0.0, 0.0, 0.0, 0.0, 2.0, 0.0, 3.0, 0.0, 0.0, 0.0, 0.0, 4.0, 0.0]}, "normalize": {"shape": [1, 2, 2, 2], "std": [0.20000000298023224, 0.25], "gradOut": false, "gradOutValues": [-0.10808950662612915, 1.157589316368103, -2.4688313007354736, 1.593019723892212, -0.5453404784202576, -0.5921562314033508, -1.2467427253723145, 0.8290735483169556], "inputValues": [-0.1335686445236206, 0.3014095425605774, -0.9763757586479187, -0.025436649098992348, -0.1520620882511139, -0.026774654164910316, 0.6460674405097961, 0.6104733347892761], "expectedGradIn": [-0.5404475331306458, 5.787946701049805, -12.344156265258789, 7.9650983810424805, -2.1813619136810303, -2.3686249256134033, -4.986970901489258, 3.3162941932678223]}, "convBackwardInput": {"inputShape": [1, 2, 3, 3], "weightShape": [4, 2, 3, 3], "weightValues": [1.1710889339447021, 0.0974961370229721, 0.9633745551109314, 0.8403232097625732, -1.2536547183990479, 0.9868360757827759, -0.494655042886734, -1.2830430269241333, 0.9552218317985535, 1.2835776805877686, -0.6658611297607422, 0.5651336908340454, 0.28770339488983154, -0.03337478265166283, -1.0618884563446045, -0.11442617326974869, -0.3433358073234558, 1.5712648630142212, 0.19161488115787506, 0.37994185090065, -0.14475703239440918, 0.637617826461792, -0.2812902331352234, -1.329875111579895, -0.14201079308986664, -0.5341457724571228, -0.5233790278434753, 0.8615042567253113, -0.8869631886482239, 0.8387746810913086, 1.1528950929641724, -1.7610981464385986, -1.4777427911758423, -1.7556711435317993, 0.07616609334945679, -1.0786033868789673, 1.4403421878814697, -0.11059419065713882, 0.576860249042511, -0.16917409002780914, -0.06402487307786942, 1.0384255647659302, 0.9068235158920288, -0.47551384568214417, -0.8707435727119446, 0.14474289119243622, 1.902856469154358, 0.39039579033851624, -0.03937254101037979, -0.8014721870422363, -0.49554431438446045, -0.36151406168937683, 0.5851132273674011, -1.1560065746307373, -0.14336487650871277, -0.19474059343338013, -0.9068849086761475, -0.5918378233909607, 0.15078482031822205, -1.0411487817764282, -0.7205342054367065, -2.214754343032837, -0.6837295293807983, 0.5163576602935791, 0.792847752571106, 0.08322793245315552, 0.42280012369155884, -1.8687466382980347, -1.1057132482528687, 0.1437314748764038, 0.5835968852043152, 1.3481554985046387], "gradOutShape": [1, 4, 3, 3], "gradOutValues": [-1.5771030187606812, 0.36093366146087646, -1.353305459022522, -0.20710346102714539, -0.2487584352493286, -1.232000708580017, 0.6256707906723022, -1.2231271266937256, -1.1186589002609253, 0.3783811330795288, -0.780378520488739, -0.8738781213760376, -0.7328008413314819, 0.5143004059791565, 0.39764857292175293, 0.6434561610221863, -1.4452927112579346, -0.8077650666236877, 1.1975294351577759, -1.8345346450805664, -2.7575340270996094, -0.8323581218719482, 0.48998555541038513, 0.29082173109054565, 0.64423006772995, 3.9300038814544678, -0.1244242936372757, 0.29534170031547546, 2.4197113513946533, 1.6456111669540405, -0.3086940050125122, -1.514723777770996, 1.9456682205200195, -1.2903639078140259, -2.3494760990142822, -2.068861961364746], "expectedGradIn": [1.1062558889389038, -4.184348106384277, 0.29889774322509766, 3.3015758991241455, -12.1642484664917, 6.859106063842773, 0.8974789381027222, 6.601093769073486, 5.590902328491211, -3.45418643951416, -3.919635534286499, 2.642195701599121, 1.9422599077224731, 9.248960494995117, 1.9641532897949219, -4.34651517868042, 1.3519275188446045, 7.7155656814575195]}, "gramBackward": {"inputShape": [1, 3, 2, 2], "inputValues": [-0.15253183245658875, -1.3482352495193481, 0.06022907793521881, -0.2973494231700897, 1.546188235282898, -0.43081653118133545, -0.5253897905349731, -0.47668972611427307, 1.694993257522583, 0.3474515974521637, 0.5803529620170593, -0.12889565527439117], "gradOutShape": [1, 1, 3, 3], "gradOutValues": [1.006291151046753, 0.5337828397750854, -0.08121379464864731, -0.49508798122406006, 1.9327620267868042, -1.5832140445709229, -0.5896917581558228, -0.17502054572105408, 0.3529002368450165], "expectedGradIn": [-0.11536113917827606, -0.24693432450294495, -0.024039659649133682, -0.044200729578733444, 0.24922749400138855, -0.19403357803821564, -0.2540810704231262, -0.13562773168087006, -0.11832501739263535, 0.1589372158050537, 0.10774698853492737, 0.07888758927583694]}, "contentLossBackward": {"shape": [1, 3, 2, 2], "inputValues": [-0.8974748253822327, -0.6523258090019226, -0.0686807632446289, -2.2581727504730225, 0.8445572257041931, -1.2644033432006836, -0.4542791247367859, -0.17314733564853668, -1.2347379922866821, -1.414144515991211, -1.5560415983200073, -0.4208225607872009], "targetValues": [-0.48740914463996887, 0.37122842669487, 0.8431413173675537, -0.5042283535003662, 0.151250422000885, 0.6602978110313416, 0.813751757144928, -0.08125077188014984, -0.15824921429157257, 0.5678249597549438, -0.7128822803497314, 0.5521583557128906], "expectedGradIn": [-0.06834428012371063, -0.17059236764907837, -0.15197035670280457, -0.2923240661621094, 0.11555113643407822, -0.3207835555076599, -0.21133849024772644, -0.015316094271838665, -0.1794147938489914, -0.3303282558917999, -0.14052656292915344, -0.16216349601745605]}, "styleLossBackward": {"shape": [1, 3, 2, 2], "inputValues": [2.068084478378296, -2.108588218688965, 0.3639233410358429, 0.5342442989349365, 0.226129949092865, 0.9849939346313477, 0.36000287532806396, 0.7961438894271851, 0.9335741996765137, -0.14195920526981354, 0.3872237503528595, 1.7312077283859253], "targetValues": [1.790366530418396, 0.8769505023956299, -0.2001400887966156, 1.2607090473175049, 1.3505499362945557, -0.9979082345962524, -0.3143065571784973, 0.9649348855018616, -1.4087328910827637, -0.8164220452308655, 0.6984716057777405, 1.3983399868011475], "expectedGradIn": [0.034022580832242966, -0.03695197030901909, 0.005536221899092197, 0.02254982478916645, -0.02171887829899788, 0.018264494836330414, -0.004798133857548237, -0.0031975391320884228, 0.02938411943614483, -0.026794100180268288, 0.005973396357148886, 0.006258902605623007]}, "e2e": {"inputShape": [1, 2, 4, 4], "inputValues": [-0.01471690647304058, 1.2251118421554565, 1.5936388969421387, -1.6314972639083862, 1.0520497560501099, 0.1184157282114029, 0.9318720102310181, 1.2465336322784424, -1.0917942523956299, 1.6796669960021973, -0.8808236718177795, 0.5800328254699707, 0.5872430801391602, 0.9129475355148315, -0.3527350425720215, -0.34300386905670166, -0.16421619057655334, -0.9714682102203369, -1.03084397315979, 0.6472792029380798, -1.458322286605835, -0.28166598081588745, -1.0299657583236694, -0.6884102821350098, 0.2194228619337082, -1.6988605260849, 1.3094240427017212, -1.6612948179244995, 1.7343817949295044, 0.6669014096260071, -1.0413472652435303, -1.401803731918335], "styleValues": [0.2098425179719925, 0.02988985925912857, 1.7092351913452148, -0.7257586121559143, -1.453241229057312, -0.04756047949194908, 1.4997777938842773, 0.5430954098701477, 0.7393418550491333, 1.2531980276107788, -0.4445230960845947, 0.8184519410133362, 0.012465825304389, 0.9756516218185425, -0.008056692779064178, -0.03987628221511841, 0.036155786365270615, -0.34221795201301575, -0.3816923499107361, -0.05687851086258888, -0.8769510388374329, 0.5222869515419006, 0.46200525760650635, -1.329269289970398, 0.5108585953712463, -0.2859850823879242, 0.3350517749786377, 1.1719372272491455, -0.4038974940776825, -0.3262786865234375, 0.748217761516571, -0.1952986717224121],